"seq","pos","pred"
"WP_004064712.1",1,0.0534157388588423
"WP_004064712.1",2,0.0534157388588423
"WP_004064712.1",3,0.0534157388588423
"WP_004064712.1",4,0.16792587395081
"WP_004064712.1",5,0.34988950211009
"WP_004064712.1",6,0.34988950211009
"WP_004064712.1",7,0.34988950211009
"WP_004064712.1",8,0.378558633274191
"WP_004064712.1",9,0.662664527953798
"WP_004064712.1",10,0.662664527953798
"WP_004064712.1",11,0.662664527953798
"WP_004064712.1",12,0.662664527953798
"WP_004064712.1",13,0.662664527953798
"WP_004064712.1",14,0.662664527953798
"WP_004064712.1",15,0.511516504723923
"WP_004064712.1",16,0.495196051479097
"WP_004064712.1",17,0.261319956290175
"WP_004064712.1",18,0.143949535934102
"WP_004064712.1",19,0.143949535934102
"WP_004064712.1",20,0.214304741465485
"WP_004064712.1",21,0.214304741465485
"WP_004064712.1",22,0.214304741465485
"WP_004064712.1",23,0.214304741465485
"WP_004064712.1",24,0.372807220181342
"WP_004064712.1",25,0.45512727335292
"WP_004064712.1",26,0.45512727335292
"WP_004064712.1",27,0.45512727335292
"WP_004064712.1",28,0.45512727335292
"WP_004064712.1",29,0.45512727335292
"WP_004064712.1",30,0.45512727335292
"WP_004064712.1",31,0.410815355585589
"WP_004064712.1",32,0.294671165367494
"WP_004064712.1",33,0.245122226337791
"WP_004064712.1",34,0.37938472319217
"WP_004064712.1",35,0.37938472319217
"WP_004064712.1",36,0.37938472319217
"WP_004064712.1",37,0.37938472319217
"WP_004064712.1",38,0.37938472319217
"WP_004064712.1",39,0.37938472319217
"WP_004064712.1",40,0.288222404637846
"WP_004064712.1",41,0.288222404637846
"WP_004064712.1",42,0.209858015352723
"WP_004064712.1",43,0.221660506160506
"WP_004064712.1",44,0.221660506160506
"WP_004064712.1",45,0.221660506160506
"WP_004064712.1",46,0.221660506160506
"WP_004064712.1",47,0.221660506160506
"WP_004064712.1",48,0.221660506160506
"WP_004064712.1",49,0.172064906163668
"WP_004064712.1",50,0.176082626884639
"WP_004064712.1",51,0.324470334676217
"WP_004064712.1",52,0.324470334676217
"WP_004064712.1",53,0.324470334676217
"WP_004064712.1",54,0.324470334676217
"WP_004064712.1",55,0.324470334676217
"WP_004064712.1",56,0.324470334676217
"WP_004064712.1",57,0.292883045168339
"WP_004064712.1",58,0.250300596738659
"WP_004064712.1",59,0.250300596738659
"WP_004064712.1",60,0.367047389779124
"WP_004064712.1",61,0.367047389779124
"WP_004064712.1",62,0.367047389779124
"WP_004064712.1",63,0.367047389779124
"WP_004064712.1",64,0.367047389779124
"WP_004064712.1",65,0.367047389779124
"WP_004064712.1",66,0.33701916159998
"WP_004064712.1",67,0.180664668827904
"WP_004064712.1",68,0.164807597957598
"WP_004064712.1",69,0.0123722222222222
"WP_004064712.1",70,0.0429412698412698
"WP_004064712.1",71,0.0779953823953824
"WP_004064712.1",72,0.0779953823953824
"WP_004064712.1",73,0.0847985251590515
"WP_004064712.1",74,0.305786457976385
"WP_004064712.1",75,0.305786457976385
"WP_004064712.1",76,0.305786457976385
"WP_004064712.1",77,0.305786457976385
"WP_004064712.1",78,0.305786457976385
"WP_004064712.1",79,0.305786457976385
"WP_004064712.1",80,0.221681122275346
"WP_004064712.1",81,0.123632272815948
"WP_004064712.1",82,0.215584517734375
"WP_004064712.1",83,0.294829206015577
"WP_004064712.1",84,0.294829206015577
"WP_004064712.1",85,0.294829206015577
"WP_004064712.1",86,0.294829206015577
"WP_004064712.1",87,0.294829206015577
"WP_004064712.1",88,0.294829206015577
"WP_004064712.1",89,0.190735738014866
"WP_004064712.1",90,0.190735738014866
"WP_004064712.1",91,0.136718054168054
"WP_004064712.1",92,0.133022261072261
"WP_004064712.1",93,0.10986114996115
"WP_004064712.1",94,0.0857658341658342
"WP_004064712.1",95,0.100866732711733
"WP_004064712.1",96,0.147976547406842
"WP_004064712.1",97,0.178378323408618
"WP_004064712.1",98,0.213441180551475
"WP_004064712.1",99,0.213441180551475
"WP_004064712.1",100,0.213441180551475
"WP_004064712.1",101,0.213441180551475
"WP_004064712.1",102,0.213441180551475
"WP_004064712.1",103,0.213441180551475
"WP_004064712.1",104,0.08435856581499
"WP_004064712.1",105,0.0956442374052132
"WP_004064712.1",106,0.0956442374052132
"WP_004064712.1",107,0.0956442374052132
"WP_004064712.1",108,0.116888046207319
"WP_004064712.1",109,0.164912561506834
"WP_004064712.1",110,0.164912561506834
"WP_004064712.1",111,0.164912561506834
"WP_004064712.1",112,0.164912561506834
"WP_004064712.1",113,0.164912561506834
"WP_004064712.1",114,0.164912561506834
"WP_004064712.1",115,0.0516384180147338
"WP_004064712.1",116,0.0516384180147338
"WP_004064712.1",117,0.0649315435834364
"WP_004064712.1",118,0.0676277012873981
"WP_004064712.1",119,0.103453220212917
"WP_004064712.1",120,0.103453220212917
"WP_004064712.1",121,0.103453220212917
"WP_004064712.1",122,0.103453220212917
"WP_004064712.1",123,0.103453220212917
"WP_004064712.1",124,0.103453220212917
"WP_004064712.1",125,0.0664996031746032
"WP_004064712.1",126,0.0802928714215988
"WP_004064712.1",127,0.129140676526669
"WP_004064712.1",128,0.216076444727479
"WP_004064712.1",129,0.216076444727479
"WP_004064712.1",130,0.216076444727479
"WP_004064712.1",131,0.216076444727479
"WP_004064712.1",132,0.216076444727479
"WP_004064712.1",133,0.235899958331705
"WP_004064712.1",134,0.235899958331705
"WP_004064712.1",135,0.235899958331705
"WP_004064712.1",136,0.235899958331705
"WP_004064712.1",137,0.235899958331705
"WP_004064712.1",138,0.235899958331705
"WP_004064712.1",139,0.228050336058554
"WP_004064712.1",140,0.0744316998970027
"WP_004064712.1",141,0.0744316998970027
"WP_004064712.1",142,0.10063124675192
"WP_004064712.1",143,0.10063124675192
"WP_004064712.1",144,0.10063124675192
"WP_004064712.1",145,0.10063124675192
"WP_004064712.1",146,0.236633499249289
"WP_004064712.1",147,0.289403839143313
"WP_004064712.1",148,0.294227772227772
"WP_004064712.1",149,0.298751846301846
"WP_004064712.1",150,0.298751846301846
"WP_004064712.1",151,0.298751846301846
"WP_004064712.1",152,0.298751846301846
"WP_004064712.1",153,0.298751846301846
"WP_004064712.1",154,0.298751846301846
"WP_004064712.1",155,0.241646437767026
"WP_004064712.1",156,0.235363344933933
"WP_004064712.1",157,0.182138167388167
"WP_004064712.1",158,0.182138167388167
"WP_004064712.1",159,0.175033267553865
"WP_004064712.1",160,0.195453337307705
"WP_004064712.1",161,0.195453337307705
"WP_004064712.1",162,0.38717941503538
"WP_004064712.1",163,0.38717941503538
"WP_004064712.1",164,0.38717941503538
"WP_004064712.1",165,0.38717941503538
"WP_004064712.1",166,0.38717941503538
"WP_004064712.1",167,0.38717941503538
"WP_004064712.1",168,0.273903926924494
"WP_004064712.1",169,0.273903926924494
"WP_004064712.1",170,0.273903926924494
"WP_004064712.1",171,0.273903926924494
"WP_004064712.1",172,0.273903926924494
"WP_004064712.1",173,0.172699820394747
"WP_004064712.1",174,0.135824896123241
"WP_004064712.1",175,0.060176911976912
"WP_004064712.1",176,0.0417405906354182
"WP_004064712.1",177,0.0417405906354182
"WP_004064712.1",178,0.0311440133454212
"WP_004064712.1",179,0.176044084704782
"WP_004064712.1",180,0.275186369392829
"WP_004064712.1",181,0.275989387004179
"WP_004064712.1",182,0.845116632963085
"WP_004064712.1",183,0.845116632963085
"WP_004064712.1",184,0.845116632963085
"WP_004064712.1",185,0.845116632963085
"WP_004064712.1",186,0.845116632963085
"WP_004064712.1",187,0.845116632963085
"WP_004064712.1",188,0.661458657337794
"WP_004064712.1",189,0.661458657337794
"WP_004064712.1",190,0.395554306428936
"WP_004064712.1",191,0.188104848178997
"WP_004064712.1",192,0.318286869963243
"WP_004064712.1",193,0.318286869963243
"WP_004064712.1",194,0.318286869963243
"WP_004064712.1",195,0.510636097789356
"WP_004064712.1",196,0.510636097789356
"WP_004064712.1",197,0.510636097789356
"WP_004064712.1",198,0.510636097789356
"WP_004064712.1",199,0.510636097789356
"WP_004064712.1",200,0.510636097789356
"WP_004064712.1",201,0.448754738085894
"WP_004064712.1",202,0.284455614349032
"WP_004064712.1",203,0.284455614349032
"WP_004064712.1",204,0.0958267297030456
"WP_004064712.1",205,0.0958267297030456
"WP_004064712.1",206,0.0958267297030456
"WP_004064712.1",207,0.0958267297030456
"WP_004064712.1",208,0.0958267297030456
"WP_004064712.1",209,0.0840388292263292
"WP_004064712.1",210,0.0840388292263292
"WP_004064712.1",211,0.0536380832763727
"WP_004064712.1",212,0.17525187035187
"WP_004064712.1",213,0.295916848606678
"WP_004064712.1",214,0.295916848606678
"WP_004064712.1",215,0.295916848606678
"WP_004064712.1",216,0.295916848606678
"WP_004064712.1",217,0.295916848606678
"WP_004064712.1",218,0.295916848606678
"WP_004064712.1",219,0.287601423867281
"WP_004064712.1",220,0.287601423867281
"WP_004064712.1",221,0.269384140874992
"WP_004064712.1",222,0.246129103541238
"WP_004064712.1",223,0.060189377464875
"WP_004064712.1",224,0.12575599010814
"WP_004064712.1",225,0.176555262521871
"WP_004064712.1",226,0.265836438086107
"WP_004064712.1",227,0.265836438086107
"WP_004064712.1",228,0.265836438086107
"WP_004064712.1",229,0.265836438086107
"WP_004064712.1",230,0.265836438086107
"WP_004064712.1",231,0.265836438086107
"WP_004064712.1",232,0.124964725889775
"WP_004064712.1",233,0.235849957885252
"WP_004064712.1",234,0.235849957885252
"WP_004064712.1",235,0.3616270058373
"WP_004064712.1",236,0.524147335534595
"WP_004064712.1",237,0.524147335534595
"WP_004064712.1",238,0.524147335534595
"WP_004064712.1",239,0.524147335534595
"WP_004064712.1",240,0.524147335534595
"WP_004064712.1",241,0.524147335534595
"WP_004064712.1",242,0.484093696726144
"WP_004064712.1",243,0.636612179779747
"WP_004064712.1",244,0.647582516446339
"WP_004064712.1",245,0.647582516446339
"WP_004064712.1",246,0.647582516446339
"WP_004064712.1",247,0.647582516446339
"WP_004064712.1",248,0.647582516446339
"WP_004064712.1",249,0.647582516446339
"WP_004064712.1",250,0.584440061744948
"WP_004064712.1",251,0.584440061744948
"WP_004064712.1",252,0.398084015986382
"WP_004064712.1",253,0.256369401770714
"WP_004064712.1",254,0.179899451267963
"WP_004064712.1",255,0.0439653732456801
"WP_004064712.1",256,0.0407809698755351
"WP_004064712.1",257,0.0407809698755351
"WP_004064712.1",258,0.0407809698755351
"WP_004064712.1",259,0.0407809698755351
"WP_004064712.1",260,0.0407809698755351
"WP_004064712.1",261,0.0764120551997022
"WP_004064712.1",262,0.158616401850643
"WP_004064712.1",263,0.47984284574207
"WP_004064712.1",264,0.488432586638429
"WP_004064712.1",265,0.488432586638429
"WP_004064712.1",266,0.488432586638429
"WP_004064712.1",267,0.488432586638429
"WP_004064712.1",268,0.488432586638429
"WP_004064712.1",269,0.488432586638429
"WP_004064712.1",270,0.238501245252805
"WP_004064712.1",271,0.238501245252805
"WP_004064712.1",272,0.238501245252805
"WP_004064712.1",273,0.238501245252805
"WP_004064712.1",274,0.111020026719515
"WP_004064712.1",275,0.149892649644263
"WP_004064712.1",276,0.149892649644263
"WP_004064712.1",277,0.149892649644263
"WP_004064712.1",278,0.149892649644263
"WP_004064712.1",279,0.149892649644263
"WP_004064712.1",280,0.149892649644263
"WP_004064712.1",281,0.113078958409797
"WP_004064712.1",282,0.113078958409797
"WP_004064712.1",283,0.113078958409797
"WP_004064712.1",284,0.167744238808116
"WP_004064712.1",285,0.247209048256735
"WP_004064712.1",286,0.308619816990161
"WP_004064712.1",287,0.365463896629686
"WP_004064712.1",288,0.372961691481935
"WP_004064712.1",289,0.372961691481935
"WP_004064712.1",290,0.372961691481935
"WP_004064712.1",291,0.372961691481935
"WP_004064712.1",292,0.372961691481935
"WP_004064712.1",293,0.372961691481935
"WP_004064712.1",294,0.363061150292466
"WP_004064712.1",295,0.363061150292466
"WP_004064712.1",296,0.363061150292466
"WP_004064712.1",297,0.233823592704885
"WP_004064712.1",298,0.233823592704885
"WP_004064712.1",299,0.233823592704885
"WP_004064712.1",300,0.275181422407665
"WP_004064712.1",301,0.299604507006465
"WP_004064712.1",302,0.299604507006465
"WP_004064712.1",303,0.299604507006465
"WP_004064712.1",304,0.4303006860768
"WP_004064712.1",305,0.4303006860768
"WP_004064712.1",306,0.4303006860768
"WP_004064712.1",307,0.4303006860768
"WP_004064712.1",308,0.4303006860768
"WP_004064712.1",309,0.4303006860768
"WP_004064712.1",310,0.382326403617302
"WP_004064712.1",311,0.338858628229969
"WP_004064712.1",312,0.195659603239447
"WP_004064712.1",313,0.15188831963971
"WP_004064712.1",314,0.290447777087581
"WP_004064712.1",315,0.316963806002758
"WP_004064712.1",316,0.316963806002758
"WP_004064712.1",317,0.316963806002758
"WP_004064712.1",318,0.316963806002758
"WP_004064712.1",319,0.316963806002758
"WP_004064712.1",320,0.316963806002758
"WP_004064712.1",321,0.30727472871013
"WP_004064712.1",322,0.268668027591045
"WP_004064712.1",323,0.253066480537209
"WP_004064712.1",324,0.273903926924494
"WP_004064712.1",325,0.273903926924494
"WP_004064712.1",326,0.273903926924494
"WP_004064712.1",327,0.273903926924494
"WP_004064712.1",328,0.273903926924494
"WP_004064712.1",329,0.273903926924494
"WP_004064712.1",330,0.295177717609553
"WP_004064712.1",331,0.389659376032935
"WP_004064712.1",332,0.389659376032935
"WP_004064712.1",333,0.708848653751382
"WP_004064712.1",334,0.708848653751382
"WP_004064712.1",335,0.708848653751382
"WP_004064712.1",336,0.708848653751382
"WP_004064712.1",337,0.708848653751382
"WP_004064712.1",338,0.708848653751382
"WP_004064712.1",339,0.24723588496045
"WP_004064712.1",340,0.221680013194691
"WP_004064712.1",341,0.187625000274095
"WP_004064712.1",342,0.187625000274095
"WP_004064712.1",343,0.187625000274095
"WP_004064712.1",344,0.187625000274095
"WP_004064712.1",345,0.187625000274095
"WP_004064712.1",346,0.0964320428969036
"WP_004064712.1",347,0.0964320428969036
"WP_004064712.1",348,0.126384112988461
"WP_004064712.1",349,0.266822912708207
"WP_004064712.1",350,0.507489499063029
"WP_004064712.1",351,0.604124072822602
"WP_004064712.1",352,0.672570197449609
"WP_004064712.1",353,0.672570197449609
"WP_004064712.1",354,0.672570197449609
"WP_004064712.1",355,0.672570197449609
"WP_004064712.1",356,0.672570197449609
"WP_004064712.1",357,0.672570197449609
"WP_004064712.1",358,0.360194994177867
"WP_004064712.1",359,0.297915956814806
"WP_004064712.1",360,0.297915956814806
"WP_004064712.1",361,0.283029108477958
"WP_004064712.1",362,0.143731014879648
"WP_004064712.1",363,0.143731014879648
"WP_004064712.1",364,0.175375663835352
"WP_004064712.1",365,0.179204629314318
"WP_004064712.1",366,0.179204629314318
"WP_004064712.1",367,0.179204629314318
"WP_004064712.1",368,0.179204629314318
"WP_004064712.1",369,0.179204629314318
"WP_004064712.1",370,0.179204629314318
"WP_004064712.1",371,0.137495382395382
"WP_004064712.1",372,0.185165171195486
"WP_004064712.1",373,0.185165171195486
"WP_004064712.1",374,0.185165171195486
"WP_004064712.1",375,0.185165171195486
"WP_004064712.1",376,0.220032602725044
"WP_004064712.1",377,0.342812527539449
"WP_004064712.1",378,0.342812527539449
"WP_004064712.1",379,0.342812527539449
"WP_004064712.1",380,0.342812527539449
"WP_004064712.1",381,0.342812527539449
"WP_004064712.1",382,0.342812527539449
"WP_004064712.1",383,0.303388313978479
"WP_004064712.1",384,0.303388313978479
"WP_004064712.1",385,0.303388313978479
"WP_004064712.1",386,0.258156645980804
"WP_004064712.1",387,0.512371300188864
"WP_004064712.1",388,0.512371300188864
"WP_004064712.1",389,0.532979734708036
"WP_004064712.1",390,0.532979734708036
"WP_004064712.1",391,0.532979734708036
"WP_004064712.1",392,0.532979734708036
"WP_004064712.1",393,0.532979734708036
"WP_004064712.1",394,0.532979734708036
"WP_004064712.1",395,0.245464909379791
"WP_004064712.1",396,0.245464909379791
"WP_004064712.1",397,0.245464909379791
"WP_004064712.1",398,0.245464909379791
"WP_004064712.1",399,0.279370314704411
"WP_004064712.1",400,0.652066638173739
"WP_004064712.1",401,0.65744167093743
"WP_004064712.1",402,0.669859310629314
"WP_004064712.1",403,0.678376337772479
"WP_004064712.1",404,0.678376337772479
"WP_004064712.1",405,0.678376337772479
"WP_004064712.1",406,0.678376337772479
"WP_004064712.1",407,0.678376337772479
"WP_004064712.1",408,0.678376337772479
"WP_004064712.1",409,0.382802105884823
"WP_004064712.1",410,0.277322269698764
"WP_004064712.1",411,0.275181422407665
"WP_004064712.1",412,0.45392310238493
"WP_004064712.1",413,0.561011462247132
"WP_004064712.1",414,0.758364693696321
"WP_004064712.1",415,0.889817000611829
"WP_004064712.1",416,0.889817000611829
"WP_004064712.1",417,0.889817000611829
"WP_004064712.1",418,0.889817000611829
"WP_004064712.1",419,0.889817000611829
"WP_004064712.1",420,0.889817000611829
"WP_004064712.1",421,0.471523894466125
"WP_004064712.1",422,0.230295212219967
"WP_004064712.1",423,0.156492088956795
"WP_004064712.1",424,0.10063124675192
"WP_004064712.1",425,0.11655339364782
"WP_004064712.1",426,0.253066480537209
"WP_004064712.1",427,0.273903926924494
"WP_004064712.1",428,0.439687321258941
"WP_004064712.1",429,0.439687321258941
"WP_004064712.1",430,0.439687321258941
"WP_004064712.1",431,0.439687321258941
"WP_004064712.1",432,0.439687321258941
"WP_004064712.1",433,0.439687321258941
"WP_004064712.1",434,0.399185031749074
"WP_004064712.1",435,0.287601423867281
"WP_004064712.1",436,0.287601423867281
"WP_004064712.1",437,0.269384140874992
"WP_004064712.1",438,0.229079682720785
"WP_004064712.1",439,0.45512727335292
"WP_004064712.1",440,0.45512727335292
"WP_004064712.1",441,0.45512727335292
"WP_004064712.1",442,0.45512727335292
"WP_004064712.1",443,0.45512727335292
"WP_004064712.1",444,0.45512727335292
"WP_004064712.1",445,0.410815355585589
"WP_004064712.1",446,0.294671165367494
"WP_004064712.1",447,0.21018618691029
"WP_004064712.1",448,0.16224580332891
"WP_004064712.1",449,0.264682663532765
"WP_004064712.1",450,0.264682663532765
"WP_004064712.1",451,0.264682663532765
"WP_004064712.1",452,0.264682663532765
"WP_004064712.1",453,0.264682663532765
"WP_004064712.1",454,0.264682663532765
"WP_004064712.1",455,0.239392424586078
"WP_004064712.1",456,0.0511368692165957
"WP_004064712.1",457,0.223340309547117
"WP_004064712.1",458,0.296712262920541
"WP_004064712.1",459,0.296712262920541
"WP_004064712.1",460,0.320825224301339
"WP_004064712.1",461,0.320825224301339
"WP_004064712.1",462,0.320825224301339
"WP_004064712.1",463,0.320825224301339
"WP_004064712.1",464,0.320825224301339
"WP_004064712.1",465,0.320825224301339
"WP_004064712.1",466,0.175484030316089
"WP_004064712.1",467,0.132184682539683
"WP_004064712.1",468,0.177396177821582
"WP_004064712.1",469,0.246398139404825
"WP_004064712.1",470,0.275989387004179
"WP_004064712.1",471,0.85611439723745
"WP_004064712.1",472,0.85611439723745
"WP_004064712.1",473,0.85611439723745
"WP_004064712.1",474,0.85611439723745
"WP_004064712.1",475,0.85611439723745
"WP_004064712.1",476,0.85611439723745
"WP_004064712.1",477,0.567832838408697
"WP_004064712.1",478,0.567832838408697
"WP_004064712.1",479,0.567832838408697
"WP_004064712.1",480,0.567832838408697
"WP_004064712.1",481,0.567832838408697
"WP_004064712.1",482,0.190991626347509
"WP_004064712.1",483,0.190991626347509
"WP_004064712.1",484,0.220107434048347
"WP_004064712.1",485,0.232155014095757
"WP_004064712.1",486,0.232155014095757
"WP_004064712.1",487,0.232155014095757
"WP_004064712.1",488,0.232155014095757
"WP_004064712.1",489,0.232155014095757
"WP_004064712.1",490,0.232155014095757
"WP_004064712.1",491,0.0650321119001858
"WP_004064712.1",492,0.0502974133709428
"WP_004064712.1",493,0.0502974133709428
"WP_004064712.1",494,0.0502974133709428
"WP_004064712.1",495,0.0530030715892333
"WP_004064712.1",496,0.0795058322247605
"WP_004064712.1",497,0.105169241709809
"WP_004064712.1",498,0.218146051602709
"WP_004064712.1",499,0.218146051602709
"WP_004064712.1",500,0.218146051602709
"WP_004064712.1",501,0.218146051602709
"WP_004064712.1",502,0.218146051602709
"WP_004064712.1",503,0.218146051602709
"WP_004064712.1",504,0.163639935573112
"WP_004064712.1",505,0.361731059562604
"WP_004064712.1",506,0.696432990115032
"WP_004064712.1",507,0.786027565225164
"WP_004064712.1",508,0.786027565225164
"WP_004064712.1",509,0.786027565225164
"WP_004064712.1",510,0.786027565225164
"WP_004064712.1",511,0.786027565225164
"WP_004064712.1",512,0.786027565225164
"WP_004064712.1",513,0.729776229049829
"WP_004064712.1",514,0.375882594930582
"WP_004064712.1",515,0.219948886682259
"WP_004064712.1",516,0.339175665910232
"WP_004064712.1",517,0.339175665910232
"WP_004064712.1",518,0.339175665910232
"WP_004064712.1",519,0.339175665910232
"WP_004064712.1",520,0.339175665910232
"WP_004064712.1",521,0.339175665910232
"WP_004064712.1",522,0.284383612139442
"WP_004064712.1",523,0.241387492316366
"WP_004064712.1",524,0.209744825802817
"WP_004064712.1",525,0.0787375837731926
"WP_004064712.1",526,0.0787375837731926
"WP_004064712.1",527,0.0787375837731926
"WP_004064712.1",528,0.0787375837731926
"WP_004064712.1",529,0.0787375837731926
"WP_004064712.1",530,0.0706235318272682
"WP_004064712.1",531,0.0706235318272682
"WP_004064712.1",532,0.0706235318272682
"WP_004064712.1",533,0.0706235318272682
"WP_004064712.1",534,0.10063124675192
"WP_004064712.1",535,0.10063124675192
"WP_004064712.1",536,0.10063124675192
"WP_004064712.1",537,0.10063124675192
"WP_004064712.1",538,0.10063124675192
"WP_004064712.1",539,0.10063124675192
"WP_004064712.1",540,0.0423256971319463
"WP_004064712.1",541,0.0419738955810924
"WP_004064712.1",542,0.0676818363433888
"WP_004064712.1",543,0.229877886984675
"WP_004064712.1",544,0.229877886984675
"WP_004064712.1",545,0.229877886984675
"WP_004064712.1",546,0.229877886984675
"WP_004064712.1",547,0.229877886984675
"WP_004064712.1",548,0.229877886984675
"WP_004064712.1",549,0.174260906090066
"WP_004064712.1",550,0.107352787229647
"WP_004064712.1",551,0.0767199654939139
"WP_004064712.1",552,0.0767199654939139
"WP_004064712.1",553,0.0767199654939139
"WP_004064712.1",554,0.175485187035187
"WP_004064712.1",555,0.298644557133688
"WP_004064712.1",556,0.467244447412885
"WP_004064712.1",557,0.646505215975357
"WP_004064712.1",558,0.646505215975357
"WP_004064712.1",559,0.646505215975357
"WP_004064712.1",560,0.646505215975357
"WP_004064712.1",561,0.646505215975357
"WP_004064712.1",562,0.646505215975357
"WP_004064712.1",563,0.468902478009667
"WP_004064712.1",564,0.468902478009667
"WP_004064712.1",565,0.209513478003478
"WP_004064712.1",566,0.209513478003478
"WP_004064712.1",567,0.204734109377117
"WP_004064712.1",568,0.109920735539247
"WP_004064712.1",569,0.200682687780056
"WP_004064712.1",570,0.238272886470255
"WP_004064712.1",571,0.292650895057079
"WP_004064712.1",572,0.326013310498922
"WP_004064712.1",573,0.326013310498922
"WP_004064712.1",574,0.326013310498922
"WP_004064712.1",575,0.326013310498922
"WP_004064712.1",576,0.326013310498922
"WP_004064712.1",577,0.326013310498922
"WP_004064712.1",578,0.239934321727132
"WP_004064712.1",579,0.252605451987181
"WP_004064712.1",580,0.255606021756022
"WP_004064712.1",581,0.287006870906871
"WP_004064712.1",582,0.287006870906871
"WP_004064712.1",583,0.287006870906871
"WP_004064712.1",584,0.287006870906871
"WP_004064712.1",585,0.287006870906871
"WP_004064712.1",586,0.287006870906871
"WP_004064712.1",587,0.215288886113886
"WP_004064712.1",588,0.215288886113886
"WP_004064712.1",589,0.0642083692161851
"WP_004064712.1",590,0.0642083692161851
"WP_004064712.1",591,0.113056480544806
"WP_004064712.1",592,0.122067781462094
"WP_004064712.1",593,0.122067781462094
"WP_004064712.1",594,0.29992656085408
"WP_004064712.1",595,0.29992656085408
"WP_004064712.1",596,0.321536333877167
"WP_004064712.1",597,0.321536333877167
"WP_004064712.1",598,0.321536333877167
"WP_004064712.1",599,0.321536333877167
"WP_004064712.1",600,0.321536333877167
"WP_004064712.1",601,0.321536333877167
"WP_004064712.1",602,0.232782167963747
"WP_004064712.1",603,0.231521279582783
"WP_004064712.1",604,0.231521279582783
"WP_004064712.1",605,0.227928193780838
"WP_004064712.1",606,0.296712262920541
"WP_004064712.1",607,0.296712262920541
"WP_004064712.1",608,0.296712262920541
"WP_004064712.1",609,0.296712262920541
"WP_004064712.1",610,0.296712262920541
"WP_004064712.1",611,0.305931236773972
"WP_004064712.1",612,0.430954245781076
"WP_004064712.1",613,0.527744098758584
"WP_004064712.1",614,0.726373255717533
"WP_004064712.1",615,0.771092350768141
"WP_004064712.1",616,0.771092350768141
"WP_004064712.1",617,0.771092350768141
"WP_004064712.1",618,0.771092350768141
"WP_004064712.1",619,0.771092350768141
"WP_004064712.1",620,0.771092350768141
"WP_004064712.1",621,0.633147427338984
"WP_004064712.1",622,0.403544889798018
"WP_004064712.1",623,0.378204664334854
"WP_004064712.1",624,0.378204664334854
"WP_004064712.1",625,0.378204664334854
"WP_004064712.1",626,0.295991178640835
"WP_004064712.1",627,0.38717941503538
"WP_004064712.1",628,0.38717941503538
"WP_004064712.1",629,0.38717941503538
"WP_004064712.1",630,0.38717941503538
"WP_004064712.1",631,0.38717941503538
"WP_004064712.1",632,0.38717941503538
"WP_004064712.1",633,0.378530568212771
"WP_004064712.1",634,0.378530568212771
"WP_004064712.1",635,0.50872349196506
"WP_004064712.1",636,0.50872349196506
"WP_004064712.1",637,0.526377342069695
"WP_004064712.1",638,0.526377342069695
"WP_004064712.1",639,0.526377342069695
"WP_004064712.1",640,0.526377342069695
"WP_004064712.1",641,0.526377342069695
"WP_004064712.1",642,0.526726294832331
"WP_004064712.1",643,0.526726294832331
"WP_004064712.1",644,0.526726294832331
"WP_004064712.1",645,0.526726294832331
"WP_004064712.1",646,0.526726294832331
"WP_004064712.1",647,0.526726294832331
"WP_004064712.1",648,0.0959973712311269
"WP_004064712.1",649,0.109628107947693
"WP_004064712.1",650,0.109628107947693
"WP_004064712.1",651,0.109628107947693
"WP_004064712.1",652,0.109628107947693
"WP_004064712.1",653,0.1906590293499
"WP_004064712.1",654,0.1906590293499
"WP_004064712.1",655,0.233767318031484
"WP_004064712.1",656,0.233767318031484
"WP_004064712.1",657,0.233767318031484
"WP_004064712.1",658,0.233767318031484
"WP_004064712.1",659,0.307559545253391
"WP_004064712.1",660,0.324166287121807
"WP_004064712.1",661,0.324166287121807
"WP_004064712.1",662,0.383333577382768
"WP_004064712.1",663,0.383333577382768
"WP_004064712.1",664,0.383333577382768
"WP_004064712.1",665,0.383333577382768
"WP_004064712.1",666,0.383333577382768
"WP_004064712.1",667,0.383333577382768
"WP_004064712.1",668,0.21767118521287
"WP_004064712.1",669,0.368181169225637
"WP_004064712.1",670,0.409339011719213
"WP_004064712.1",671,0.409339011719213
"WP_004064712.1",672,0.409339011719213
"WP_004064712.1",673,0.423092803011828
"WP_004064712.1",674,0.533064559568465
"WP_004064712.1",675,0.589436779347259
"WP_004064712.1",676,0.589436779347259
"WP_004064712.1",677,0.589436779347259
"WP_004064712.1",678,0.589436779347259
"WP_004064712.1",679,0.589436779347259
"WP_004064712.1",680,0.589436779347259
"WP_004064712.1",681,0.560992807355594
"WP_004064712.1",682,0.442952360530326
"WP_004064712.1",683,0.202638651761648
"WP_004064712.1",684,0.202638651761648
"WP_004064712.1",685,0.202638651761648
"WP_004064712.1",686,0.202638651761648
"WP_004064712.1",687,0.114273964852707
"WP_004064712.1",688,0.0357747095170525
"WP_004064712.1",689,0.0414312865497076
"WP_004064712.1",690,0.0414312865497076
"WP_004064712.1",691,0.0522788535441167
"WP_004064712.1",692,0.0522788535441167
"WP_004064712.1",693,0.0522788535441167
"WP_004064712.1",694,0.0522788535441167
"WP_004064712.1",695,0.0522788535441167
"WP_004064712.1",696,0.0522788535441167
"WP_004064712.1",697,0.150943491011218
"WP_004064712.1",698,0.209410695656031
"WP_004064712.1",699,0.442017448110098
"WP_004064712.1",700,0.489136018163123
"WP_004064712.1",701,0.745088179605402
"WP_004064712.1",702,0.745088179605402
"WP_004064712.1",703,0.745088179605402
"WP_004064712.1",704,0.745088179605402
"WP_004064712.1",705,0.745088179605402
"WP_004064712.1",706,0.745088179605402
"WP_004064712.1",707,0.405334556906229
"WP_004064712.1",708,0.306886202064731
"WP_004064712.1",709,0.540187103645816
"WP_004064712.1",710,0.540187103645816
"WP_004064712.1",711,0.540187103645816
"WP_004064712.1",712,0.540187103645816
"WP_004064712.1",713,0.540187103645816
"WP_004064712.1",714,0.540187103645816
"WP_004064712.1",715,0.490747494207648
"WP_004064712.1",716,0.249825487087943
"WP_004064712.1",717,0.165146301559066
"WP_004064712.1",718,0.378530568212771
"WP_004064712.1",719,0.378530568212771
"WP_004064712.1",720,0.378530568212771
"WP_004064712.1",721,0.378530568212771
"WP_004064712.1",722,0.378530568212771
"WP_004064712.1",723,0.378530568212771
"WP_004064712.1",724,0.371624091935446
"WP_004064712.1",725,0.338249825494774
"WP_004064712.1",726,0.338249825494774
"WP_004064712.1",727,0.338249825494774
"WP_004064712.1",728,0.338249825494774
"WP_004064712.1",729,0.263930112457576
"WP_004064712.1",730,0.462470407917584
"WP_004064712.1",731,0.462470407917584
"WP_004064712.1",732,0.462470407917584
"WP_004064712.1",733,0.462470407917584
"WP_004064712.1",734,0.462470407917584
"WP_004064712.1",735,0.462470407917584
"WP_004064712.1",736,0.223200586611456
"WP_004064712.1",737,0.704724944267239
"WP_004064712.1",738,0.704724944267239
"WP_004064712.1",739,0.704724944267239
"WP_004064712.1",740,0.704724944267239
"WP_004064712.1",741,0.704724944267239
"WP_004064712.1",742,0.704724944267239
"WP_004064712.1",743,0.402034453845776
"WP_004064712.1",744,0.293918815310077
"WP_004064712.1",745,0.344776736182089
"WP_004064712.1",746,0.627825630435812
"WP_004064712.1",747,0.627825630435812
"WP_004064712.1",748,0.627825630435812
"WP_004064712.1",749,0.627825630435812
"WP_004064712.1",750,0.627825630435812
"WP_004064712.1",751,0.627825630435812
"WP_004064712.1",752,0.490969468067454
"WP_004064712.1",753,0.360452147128813
"WP_004064712.1",754,0.360452147128813
"WP_004064712.1",755,0.360452147128813
"WP_004064712.1",756,0.360452147128813
"WP_004064712.1",757,0.360452147128813
"WP_004064712.1",758,0.360452147128813
"WP_004064712.1",759,0.304642207249272
"WP_004064712.1",760,0.296712262920541
"WP_004064712.1",761,0.32203149328863
"WP_004064712.1",762,0.32203149328863
"WP_004064712.1",763,0.32203149328863
"WP_004064712.1",764,0.32203149328863
"WP_004064712.1",765,0.32203149328863
"WP_004064712.1",766,0.32203149328863
"WP_004064712.1",767,0.420933709433072
"WP_004064712.1",768,0.420933709433072
"WP_004064712.1",769,0.420933709433072
"WP_004064712.1",770,0.420933709433072
"WP_004064712.1",771,0.420933709433072
"WP_004064712.1",772,0.420933709433072
"WP_004064712.1",773,0.247355203009551
"WP_004064712.1",774,0.247355203009551
"WP_004064712.1",775,0.126125824088407
"WP_004064712.1",776,0.338721927058138
"WP_004064712.1",777,0.484032837101068
"WP_004064712.1",778,0.648617615627671
"WP_004064712.1",779,0.648617615627671
"WP_004064712.1",780,0.648617615627671
"WP_004064712.1",781,0.648617615627671
"WP_004064712.1",782,0.648617615627671
"WP_004064712.1",783,0.648617615627671
"WP_004064712.1",784,0.532015494597469
"WP_004064712.1",785,0.404278981183154
"WP_004064712.1",786,0.386732000639331
"WP_004064712.1",787,0.313300742013977
"WP_004064712.1",788,0.313300742013977
"WP_004064712.1",789,0.313300742013977
"WP_004064712.1",790,0.267891470566471
"WP_004064712.1",791,0.0414312865497076
"WP_004064712.1",792,0.0414312865497076
"WP_004064712.1",793,0.0414312865497076
"WP_004064712.1",794,0.0414312865497076
"WP_004064712.1",795,0.081188984619134
"WP_004064712.1",796,0.106102407465824
"WP_004064712.1",797,0.106102407465824
"WP_004064712.1",798,0.106102407465824
"WP_004064712.1",799,0.106102407465824
"WP_004064712.1",800,0.106102407465824
"WP_004064712.1",801,0.106102407465824
"WP_004064712.1",802,0.0677003313510824
"WP_004064712.1",803,0.0608163826421766
"WP_004064712.1",804,0.0562060873101784
"WP_004064712.1",805,0.0844983189102517
"WP_004064712.1",806,0.1544568069882
"WP_004064712.1",807,0.1544568069882
"WP_004064712.1",808,0.1544568069882
"WP_004064712.1",809,0.1544568069882
"WP_004064712.1",810,0.1544568069882
"WP_004064712.1",811,0.182287583034331
"WP_004064712.1",812,0.182287583034331
"WP_004064712.1",813,0.182287583034331
"WP_004064712.1",814,0.182287583034331
"WP_004064712.1",815,0.182287583034331
"WP_004064712.1",816,0.182287583034331
"WP_004064712.1",817,0.0863702815344776
"WP_004064712.1",818,0.0947771985118012
"WP_004064712.1",819,0.216076444727479
"WP_004064712.1",820,0.217977059102558
"WP_004064712.1",821,0.217977059102558
"WP_004064712.1",822,0.217977059102558
"WP_004064712.1",823,0.223492638969579
"WP_004064712.1",824,0.223492638969579
"WP_004064712.1",825,0.223492638969579
"WP_004064712.1",826,0.223492638969579
"WP_004064712.1",827,0.223492638969579
"WP_004064712.1",828,0.223492638969579
"WP_004064712.1",829,0.0931688339438339
"WP_004064712.1",830,0.101167108057518
"WP_004064712.1",831,0.272140674491085
"WP_004064712.1",832,0.272140674491085
"WP_004064712.1",833,0.272140674491085
"WP_004064712.1",834,0.272140674491085
"WP_004064712.1",835,0.272140674491085
"WP_004064712.1",836,0.272140674491085
"WP_004064712.1",837,0.237781556250767
"WP_004064712.1",838,0.237781556250767
"WP_004064712.1",839,0.237781556250767
"WP_004064712.1",840,0.224311209456179
"WP_004064712.1",841,0.331674517474451
"WP_004064712.1",842,0.331674517474451
"WP_004064712.1",843,0.388497041751295
"WP_004064712.1",844,0.465009113648522
"WP_004064712.1",845,0.465009113648522
"WP_004064712.1",846,0.465009113648522
"WP_004064712.1",847,0.465009113648522
"WP_004064712.1",848,0.465009113648522
"WP_004064712.1",849,0.465009113648522
"WP_004064712.1",850,0.701326468038091
"WP_004064712.1",851,0.754610221701009
"WP_004064712.1",852,0.754610221701009
"WP_004064712.1",853,0.754610221701009
"WP_004064712.1",854,0.754610221701009
"WP_004064712.1",855,0.754610221701009
"WP_004064712.1",856,0.754610221701009
"WP_004064712.1",857,0.712550889922152
"WP_004064712.1",858,0.526726294832331
"WP_004064712.1",859,0.526726294832331
"WP_004064712.1",860,0.526726294832331
"WP_004064712.1",861,0.526726294832331
"WP_004064712.1",862,0.526726294832331
"WP_004064712.1",863,0.378241191502676
"WP_004064712.1",864,0.378241191502676
"WP_004064712.1",865,0.261699617761972
"WP_004064712.1",866,0.299604507006465
"WP_004064712.1",867,0.299604507006465
"WP_004064712.1",868,0.299604507006465
"WP_004064712.1",869,0.299604507006465
"WP_004064712.1",870,0.299604507006465
"WP_004064712.1",871,0.299604507006465
"WP_004064712.1",872,0.284582165731969
"WP_004064712.1",873,0.365886034129269
"WP_004064712.1",874,0.383994851702019
"WP_004064712.1",875,0.383994851702019
"WP_004064712.1",876,0.408187211073131
"WP_004064712.1",877,0.408187211073131
"WP_004064712.1",878,0.408187211073131
"WP_004064712.1",879,0.408187211073131
"WP_004064712.1",880,0.408187211073131
"WP_004064712.1",881,0.408187211073131
"WP_004064712.1",882,0.321777714356963
"WP_004064712.1",883,0.321777714356963
"WP_004064712.1",884,0.321777714356963
"WP_004064712.1",885,0.321777714356963
"WP_004064712.1",886,0.292542391439031
"WP_004064712.1",887,0.188723958619676
"WP_004064712.1",888,0.215584517734375
"WP_004064712.1",889,0.222759139620697
"WP_004064712.1",890,0.295583442678623
"WP_004064712.1",891,0.347011354050857
"WP_004064712.1",892,0.347011354050857
"WP_004064712.1",893,0.362862320253437
"WP_004064712.1",894,0.362862320253437
"WP_004064712.1",895,0.362862320253437
"WP_004064712.1",896,0.362862320253437
"WP_004064712.1",897,0.362862320253437
"WP_004064712.1",898,0.362862320253437
"WP_004064712.1",899,0.206563887937569
"WP_004064712.1",900,0.11655339364782
"WP_004064712.1",901,0.11655339364782
"WP_004064712.1",902,0.321777714356963
"WP_004064712.1",903,0.321777714356963
"WP_004064712.1",904,0.321777714356963
"WP_004064712.1",905,0.321777714356963
"WP_004064712.1",906,0.521430034507603
"WP_004064712.1",907,0.521430034507603
"WP_004064712.1",908,0.521430034507603
"WP_004064712.1",909,0.521430034507603
"WP_004064712.1",910,0.521430034507603
"WP_004064712.1",911,0.521430034507603
"WP_004064712.1",912,0.499748547135325
"WP_004064712.1",913,0.469651727843506
"WP_004064712.1",914,0.396638434817403
"WP_004064712.1",915,0.376397198545072
"WP_004064712.1",916,0.350616716710843
"WP_004064712.1",917,0.309575609716866
"WP_004064712.1",918,0.309575609716866
"WP_004064712.1",919,0.309575609716866
"WP_004064712.1",920,0.309575609716866
"WP_004064712.1",921,0.309575609716866
"WP_004064712.1",922,0.341143395702536
"WP_004064712.1",923,0.538426025798882
"WP_004064712.1",924,0.538426025798882
"WP_004064712.1",925,0.538426025798882
"WP_004064712.1",926,0.538426025798882
"WP_004064712.1",927,0.538426025798882
"WP_004064712.1",928,0.538426025798882
"WP_004064712.1",929,0.216889665022772
"WP_004064712.1",930,0.313858014208014
"WP_004064712.1",931,0.313858014208014
"WP_004064712.1",932,0.456613214563214
"WP_004064712.1",933,0.488309469088202
"WP_004064712.1",934,0.488309469088202
"WP_004064712.1",935,0.488309469088202
"WP_004064712.1",936,0.488309469088202
"WP_004064712.1",937,0.488309469088202
"WP_004064712.1",938,0.488309469088202
"WP_004064712.1",939,0.379535342887605
"WP_004064712.1",940,0.220959706959707
"WP_004064712.1",941,0.206716182836771
"WP_004064712.1",942,0.196357428628017
"WP_004064712.1",943,0.0901642433403297
"WP_004064712.1",944,0.16171434601212
"WP_004064712.1",945,0.163603530190406
"WP_004064712.1",946,0.163603530190406
"WP_004064712.1",947,0.163603530190406
"WP_004064712.1",948,0.163603530190406
"WP_004064712.1",949,0.175700366724797
"WP_004064712.1",950,0.175700366724797
"WP_004064712.1",951,0.404283459757797
"WP_004064712.1",952,0.414812330148476
"WP_004064712.1",953,0.414812330148476
"WP_004064712.1",954,0.414812330148476
"WP_004064712.1",955,0.414812330148476
"WP_004064712.1",956,0.414812330148476
"WP_004064712.1",957,0.414812330148476
"WP_004064712.1",958,0.344490969447432
"WP_004064712.1",959,0.337764148744756
"WP_004064712.1",960,0.337764148744756
"WP_004064712.1",961,0.275394641690128
"WP_004064712.1",962,0.108210928157095
"WP_004064712.1",963,0.0889564949608909
"WP_004064712.1",964,0.0765157276298581
"WP_004064712.1",965,0.0765157276298581
"WP_004064712.1",966,0.100168661403956
"WP_004064712.1",967,0.100168661403956
"WP_004064712.1",968,0.107984676434676
"WP_004064712.1",969,0.320440419377775
"WP_004064712.1",970,0.366218615734222
"WP_004064712.1",971,0.645584308430374
"WP_004064712.1",972,0.645584308430374
"WP_004064712.1",973,0.645584308430374
"WP_004064712.1",974,0.645584308430374
"WP_004064712.1",975,0.645584308430374
"WP_004064712.1",976,0.645584308430374
"WP_004064712.1",977,0.588484689209016
"WP_004064712.1",978,0.479919084733098
"WP_004064712.1",979,0.479137754905256
"WP_004064712.1",980,0.479137754905256
"WP_004064712.1",981,0.479137754905256
"WP_004064712.1",982,0.45597130677422
"WP_004064712.1",983,0.45597130677422
"WP_004064712.1",984,0.378241191502676
"WP_004064712.1",985,0.410820379127721
"WP_004064712.1",986,0.410820379127721
"WP_004064712.1",987,0.410820379127721
"WP_004064712.1",988,0.410820379127721
"WP_004064712.1",989,0.410820379127721
"WP_004064712.1",990,0.419072046311177
"WP_004064712.1",991,0.510969521058651
"WP_004064712.1",992,0.510969521058651
"WP_004064712.1",993,0.510969521058651
"WP_004064712.1",994,0.510969521058651
"WP_004064712.1",995,0.510969521058651
"WP_004064712.1",996,0.510969521058651
"WP_004064712.1",997,0.396314449080493
"WP_004064712.1",998,0.396314449080493
"WP_004064712.1",999,0.252755927901192
"WP_004064712.1",1000,0.249668098949196
"WP_004064712.1",1001,0.249668098949196
"WP_004064712.1",1002,0.344490969447432
"WP_004064712.1",1003,0.344490969447432
"WP_004064712.1",1004,0.344490969447432
"WP_004064712.1",1005,0.344490969447432
"WP_004064712.1",1006,0.344490969447432
"WP_004064712.1",1007,0.344490969447432
"WP_004064712.1",1008,0.337764148744756
"WP_004064712.1",1009,0.337764148744756
"WP_004064712.1",1010,0.190402417729553
"WP_004064712.1",1011,0.417052376571244
"WP_004064712.1",1012,0.4253220219819
"WP_004064712.1",1013,0.4253220219819
"WP_004064712.1",1014,0.4253220219819
"WP_004064712.1",1015,0.4253220219819
"WP_004064712.1",1016,0.4253220219819
"WP_004064712.1",1017,0.4253220219819
"WP_004064712.1",1018,0.23258878015354
"WP_004064712.1",1019,0.189046103896104
"WP_004064712.1",1020,0.189046103896104
"WP_004064712.1",1021,0.189046103896104
"WP_004064712.1",1022,0.189046103896104
"WP_004064712.1",1023,0.189046103896104
"WP_004064712.1",1024,0.172385376679065
"WP_004064712.1",1025,0.172385376679065
"WP_004064712.1",1026,0.172385376679065
"WP_004064712.1",1027,0.172385376679065
"WP_004064712.1",1028,0.172385376679065
"WP_004064712.1",1029,0.270020679618292
"WP_004064712.1",1030,0.270020679618292
"WP_004064712.1",1031,0.270020679618292
"WP_004064712.1",1032,0.270020679618292
"WP_004064712.1",1033,0.288025231824606
"WP_004064712.1",1034,0.288025231824606
"WP_004064712.1",1035,0.288025231824606
"WP_004064712.1",1036,0.288025231824606
"WP_004064712.1",1037,0.288025231824606
"WP_004064712.1",1038,0.288025231824606
"WP_004064712.1",1039,0.271416106046671
"WP_004064712.1",1040,0.271416106046671
"WP_004064712.1",1041,0.271416106046671
"WP_004064712.1",1042,0.271416106046671
"WP_004064712.1",1043,0.271416106046671
"WP_004064712.1",1044,0.28271905080584
"WP_004064712.1",1045,0.28271905080584
"WP_004064712.1",1046,0.28271905080584
"WP_004064712.1",1047,0.361653871966322
"WP_004064712.1",1048,0.429995267032506
"WP_004064712.1",1049,0.440439899342076
"WP_004064712.1",1050,0.440439899342076
"WP_004064712.1",1051,0.458125035001497
"WP_004064712.1",1052,0.526726294832331
"WP_004064712.1",1053,0.526726294832331
"WP_004064712.1",1054,0.526726294832331
"WP_004064712.1",1055,0.526726294832331
"WP_004064712.1",1056,0.526726294832331
"WP_004064712.1",1057,0.526726294832331
"WP_004064712.1",1058,0.341013714557271
"WP_004064712.1",1059,0.341013714557271
"WP_004064712.1",1060,0.341013714557271
"WP_004064712.1",1061,0.307958033785597
"WP_004064712.1",1062,0.374641811159151
"WP_004064712.1",1063,0.374641811159151
"WP_004064712.1",1064,0.374641811159151
"WP_004064712.1",1065,0.374641811159151
"WP_004064712.1",1066,0.374641811159151
"WP_004064712.1",1067,0.374641811159151
"WP_004064712.1",1068,0.340923807405984
"WP_004064712.1",1069,0.309202706467642
"WP_004064712.1",1070,0.309202706467642
"WP_004064712.1",1071,0.236748206112773
"WP_004064712.1",1072,0.236748206112773
"WP_004064712.1",1073,0.481876473039659
"WP_004064712.1",1074,0.481876473039659
"WP_004064712.1",1075,0.481876473039659
"WP_004064712.1",1076,0.481876473039659
"WP_004064712.1",1077,0.481876473039659
"WP_004064712.1",1078,0.481876473039659
"WP_004064712.1",1079,0.281039262986083
"WP_004064712.1",1080,0.301837538550774
"WP_004064712.1",1081,0.321810035498271
"WP_004064712.1",1082,0.321810035498271
"WP_004064712.1",1083,0.321810035498271
"WP_004064712.1",1084,0.321810035498271
"WP_004064712.1",1085,0.321810035498271
"WP_004064712.1",1086,0.321810035498271
"WP_004064712.1",1087,0.192103676171323
"WP_004064712.1",1088,0.128111280489376
"WP_004064712.1",1089,0.128111280489376
"WP_004064712.1",1090,0.128111280489376
"WP_004064712.1",1091,0.125443031892132
"WP_004064712.1",1092,0.125443031892132
"WP_004064712.1",1093,0.316104705691625
"WP_004064712.1",1094,0.343426269819505
"WP_004064712.1",1095,0.343426269819505
"WP_004064712.1",1096,0.343426269819505
"WP_004064712.1",1097,0.343426269819505
"WP_004064712.1",1098,0.343426269819505
"WP_004064712.1",1099,0.343426269819505
"WP_004064712.1",1100,0.290817492474447
"WP_004064712.1",1101,0.290817492474447
"WP_004064712.1",1102,0.290817492474447
"WP_004064712.1",1103,0.177744492729493
"WP_004064712.1",1104,0.131704021566669
"WP_004064712.1",1105,0.1906590293499
"WP_004064712.1",1106,0.1906590293499
"WP_004064712.1",1107,0.1906590293499
"WP_004064712.1",1108,0.1906590293499
"WP_004064712.1",1109,0.1906590293499
"WP_004064712.1",1110,0.1906590293499
"WP_004064712.1",1111,0.0706235318272682
"WP_004064712.1",1112,0.0706235318272682
"WP_004064712.1",1113,0.0706235318272682
"WP_004064712.1",1114,0.0706235318272682
"WP_004064712.1",1115,0.11203360829543
"WP_004064712.1",1116,0.129965754670167
"WP_004064712.1",1117,0.272698242465122
"WP_004064712.1",1118,0.548159668604355
"WP_004064712.1",1119,0.548159668604355
"WP_004064712.1",1120,0.548159668604355
"WP_004064712.1",1121,0.548159668604355
"WP_004064712.1",1122,0.548159668604355
"WP_004064712.1",1123,0.548159668604355
"WP_004064712.1",1124,0.509637902528863
"WP_004064712.1",1125,0.301864797775324
"WP_004064712.1",1126,0.307876815148027
"WP_004064712.1",1127,0.307876815148027
"WP_004064712.1",1128,0.307876815148027
"WP_004064712.1",1129,0.307876815148027
"WP_004064712.1",1130,0.307876815148027
"WP_004064712.1",1131,0.307876815148027
"WP_004064712.1",1132,0.301351472664165
"WP_004064712.1",1133,0.255168733671131
"WP_004064712.1",1134,0.41005620081036
"WP_004064712.1",1135,0.41005620081036
"WP_004064712.1",1136,0.41005620081036
"WP_004064712.1",1137,0.41005620081036
"WP_004064712.1",1138,0.41005620081036
"WP_004064712.1",1139,0.41005620081036
"WP_004064712.1",1140,0.392842544886294
"WP_004064712.1",1141,0.337764148744756
"WP_004064712.1",1142,0.331674517474451
"WP_004064712.1",1143,0.363659158542581
"WP_004064712.1",1144,0.579296215095995
"WP_004064712.1",1145,0.707442726374328
"WP_004064712.1",1146,0.830782716450322
"WP_004064712.1",1147,0.830782716450322
"WP_004064712.1",1148,0.830782716450322
"WP_004064712.1",1149,0.830782716450322
"WP_004064712.1",1150,0.830782716450322
"WP_004064712.1",1151,0.830782716450322
"WP_004064712.1",1152,0.618317560578614
"WP_004064712.1",1153,0.275181422407665
"WP_004064712.1",1154,0.275181422407665
"WP_004064712.1",1155,0.275181422407665
"WP_004064712.1",1156,0.275181422407665
"WP_004064712.1",1157,0.275181422407665
"WP_004064712.1",1158,0.128918507618972
"WP_004064712.1",1159,0.0864620074370075
"WP_004064712.1",1160,0.0763990564990565
"WP_004064712.1",1161,0.0763990564990565
"WP_004064712.1",1162,0.0763990564990565
"WP_004064712.1",1163,0.0763990564990565
"WP_004064712.1",1164,0.0763990564990565
"WP_004064712.1",1165,0.0763990564990565
"WP_004064712.1",1166,0.148152046102046
"WP_004064712.1",1167,0.175380011730012
"WP_004064712.1",1168,0.235879203286397
"WP_004064712.1",1169,0.257297037842622
"WP_004064712.1",1170,0.257297037842622
"WP_004064712.1",1171,0.257297037842622
"WP_004064712.1",1172,0.257297037842622
"WP_004064712.1",1173,0.257297037842622
"WP_004064712.1",1174,0.257297037842622
"WP_004064712.1",1175,0.245301387774769
"WP_004064712.1",1176,0.191148312129086
"WP_004064712.1",1177,0.17321318441948
"WP_004064712.1",1178,0.21619717582445
"WP_004064712.1",1179,0.238091946315639
"WP_004064712.1",1180,0.388712066467379
"WP_004064712.1",1181,0.388712066467379
"WP_004064712.1",1182,0.388712066467379
"WP_004064712.1",1183,0.388712066467379
"WP_004064712.1",1184,0.388712066467379
"WP_004064712.1",1185,0.388712066467379
"WP_004064712.1",1186,0.283895676940571
"WP_004064712.1",1187,0.283895676940571
"WP_004064712.1",1188,0.272756644144476
"WP_004064712.1",1189,0.151885294752261
"WP_004064712.1",1190,0.474531098083203
"WP_004064712.1",1191,0.489136018163123
"WP_004064712.1",1192,0.633147427338984
"WP_004064712.1",1193,0.633147427338984
"WP_004064712.1",1194,0.633147427338984
"WP_004064712.1",1195,0.633147427338984
"WP_004064712.1",1196,0.633147427338984
"WP_004064712.1",1197,0.633147427338984
"WP_004064712.1",1198,0.497812620046005
"WP_004064712.1",1199,0.402034453845776
"WP_004064712.1",1200,0.402034453845776
"WP_004064712.1",1201,0.402034453845776
"WP_004064712.1",1202,0.402034453845776
"WP_004064712.1",1203,0.402034453845776
"WP_004064712.1",1204,0.187484439684373
"WP_004064712.1",1205,0.158307745135841
"WP_004064712.1",1206,0.637605867294776
"WP_004064712.1",1207,0.665628490992486
"WP_004064712.1",1208,0.665628490992486
"WP_004064712.1",1209,0.665628490992486
"WP_004064712.1",1210,0.665628490992486
"WP_004064712.1",1211,0.665628490992486
"WP_004064712.1",1212,0.665628490992486
"WP_004064712.1",1213,0.321777714356963
"WP_004064712.1",1214,0.321777714356963
"WP_004064712.1",1215,0.321777714356963
"WP_004064712.1",1216,0.341413853339643
"WP_004064712.1",1217,0.425461495935715
"WP_004064712.1",1218,0.425461495935715
"WP_004064712.1",1219,0.425461495935715
"WP_004064712.1",1220,0.425461495935715
"WP_004064712.1",1221,0.425461495935715
"WP_004064712.1",1222,0.450647353220803
"WP_004064712.1",1223,0.450647353220803
"WP_004064712.1",1224,0.450647353220803
"WP_004064712.1",1225,0.450647353220803
"WP_004064712.1",1226,0.450647353220803
"WP_004064712.1",1227,0.450647353220803
"WP_004064712.1",1228,0.30844936008436
"WP_004064712.1",1229,0.211423275058275
"WP_004064712.1",1230,0.105018781218781
"WP_004064712.1",1231,0.104559658229628
"WP_004064712.1",1232,0.117738220670217
"WP_004064712.1",1233,0.117738220670217
"WP_004064712.1",1234,0.17630596669535
"WP_004064712.1",1235,0.17630596669535
"WP_004064712.1",1236,0.17630596669535
"WP_004064712.1",1237,0.17630596669535
"WP_004064712.1",1238,0.214194786227781
"WP_004064712.1",1239,0.214194786227781
"WP_004064712.1",1240,0.214194786227781
"WP_004064712.1",1241,0.214194786227781
"WP_004064712.1",1242,0.214194786227781
"WP_004064712.1",1243,0.28271905080584
"WP_004064712.1",1244,0.28271905080584
"WP_004064712.1",1245,0.28271905080584
"WP_004064712.1",1246,0.28271905080584
"WP_004064712.1",1247,0.28271905080584
"WP_004064712.1",1248,0.28271905080584
"WP_004064712.1",1249,0.263265054735068
"WP_004064712.1",1250,0.252605451987181
"WP_004064712.1",1251,0.335913526746731
"WP_004064712.1",1252,0.40084669693052
"WP_004064712.1",1253,0.40084669693052
"WP_004064712.1",1254,0.403544889798018
"WP_004064712.1",1255,0.403544889798018
"WP_004064712.1",1256,0.403544889798018
"WP_004064712.1",1257,0.403544889798018
"WP_004064712.1",1258,0.403544889798018
"WP_004064712.1",1259,0.627825630435812
"WP_004064712.1",1260,0.627825630435812
"WP_004064712.1",1261,0.627825630435812
"WP_004064712.1",1262,0.627825630435812
"WP_004064712.1",1263,0.627825630435812
"WP_004064712.1",1264,0.627825630435812
"WP_004064712.1",1265,0.490969468067454
"WP_004064712.1",1266,0.525142493952298
"WP_004064712.1",1267,0.525142493952298
"WP_004064712.1",1268,0.525142493952298
"WP_004064712.1",1269,0.525142493952298
"WP_004064712.1",1270,0.525142493952298
"WP_004064712.1",1271,0.525142493952298
"WP_004064712.1",1272,0.212419408369408
"WP_004064712.1",1273,0.321777714356963
"WP_004064712.1",1274,0.321777714356963
"WP_004064712.1",1275,0.321777714356963
"WP_004064712.1",1276,0.321777714356963
"WP_004064712.1",1277,0.434545793162139
"WP_004064712.1",1278,0.434545793162139
"WP_004064712.1",1279,0.434545793162139
"WP_004064712.1",1280,0.434545793162139
"WP_004064712.1",1281,0.434545793162139
"WP_004064712.1",1282,0.434545793162139
"WP_004064712.1",1283,0.405520950099592
"WP_004064712.1",1284,0.110847904923671
"WP_004064712.1",1285,0.171053709757735
"WP_004064712.1",1286,0.171053709757735
"WP_004064712.1",1287,0.267449462731597
"WP_004064712.1",1288,0.370702087660418
"WP_004064712.1",1289,0.370702087660418
"WP_004064712.1",1290,0.370702087660418
"WP_004064712.1",1291,0.370702087660418
"WP_004064712.1",1292,0.370702087660418
"WP_004064712.1",1293,0.370702087660418
"WP_004064712.1",1294,0.290342650352874
"WP_004064712.1",1295,0.1906590293499
"WP_004064712.1",1296,0.1906590293499
"WP_004064712.1",1297,0.1906590293499
"WP_004064712.1",1298,0.0706235318272682
"WP_004064712.1",1299,0.0694130306288709
"WP_004064712.1",1300,0.0728378401695099
"WP_004064712.1",1301,0.162857259751525
"WP_004064712.1",1302,0.162857259751525
"WP_004064712.1",1303,0.162857259751525
"WP_004064712.1",1304,0.162857259751525
"WP_004064712.1",1305,0.261561595104242
"WP_004064712.1",1306,0.261561595104242
"WP_004064712.1",1307,0.261561595104242
"WP_004064712.1",1308,0.261561595104242
"WP_004064712.1",1309,0.261561595104242
"WP_004064712.1",1310,0.261561595104242
"WP_004064712.1",1311,0.182248189555543
"WP_004064712.1",1312,0.181858204540558
"WP_004064712.1",1313,0.284637649605297
"WP_004064712.1",1314,0.517298343907181
"WP_004064712.1",1315,0.517729345774625
"WP_004064712.1",1316,0.517729345774625
"WP_004064712.1",1317,0.528763790930432
"WP_004064712.1",1318,0.528763790930432
"WP_004064712.1",1319,0.528763790930432
"WP_004064712.1",1320,0.528763790930432
"WP_004064712.1",1321,0.528763790930432
"WP_004064712.1",1322,0.528763790930432
"WP_004064712.1",1323,0.360846941362731
"WP_004064712.1",1324,0.360846941362731
"WP_004064712.1",1325,0.165306803953997
"WP_004064712.1",1326,0.165306803953997
"WP_004064712.1",1327,0.222075475783369
"WP_004064712.1",1328,0.299604507006465
"WP_004064712.1",1329,0.299604507006465
"WP_004064712.1",1330,0.299604507006465
"WP_004064712.1",1331,0.299604507006465
"WP_004064712.1",1332,0.299604507006465
"WP_004064712.1",1333,0.299604507006465
"WP_004064712.1",1334,0.280999023503829
"WP_004064712.1",1335,0.21175013319573
"WP_004064712.1",1336,0.149569536905858
"WP_004064712.1",1337,0.183699766249077
"WP_004064712.1",1338,0.183699766249077
"WP_004064712.1",1339,0.183699766249077
"WP_004064712.1",1340,0.183699766249077
"WP_004064712.1",1341,0.183699766249077
"WP_004064712.1",1342,0.183699766249077
"WP_004064712.1",1343,0.144329685860582
"WP_004064712.1",1344,0.0975471500979979
"WP_004064712.1",1345,0.0975471500979979
"WP_004064712.1",1346,0.104341950086727
"WP_004064712.1",1347,0.122082886119728
"WP_004064712.1",1348,0.168553402153402
"WP_004064712.1",1349,0.262755094363467
"WP_004064712.1",1350,0.283139940073313
"WP_004064712.1",1351,0.283139940073313
"WP_004064712.1",1352,0.388721903962707
"WP_004064712.1",1353,0.388721903962707
"WP_004064712.1",1354,0.388721903962707
"WP_004064712.1",1355,0.388721903962707
"WP_004064712.1",1356,0.388721903962707
"WP_004064712.1",1357,0.388721903962707
"WP_004064712.1",1358,0.277691887034534
"WP_004064712.1",1359,0.453075480173422
"WP_004064712.1",1360,0.480226218441002
"WP_004064712.1",1361,0.480226218441002
"WP_004064712.1",1362,0.480226218441002
"WP_004064712.1",1363,0.480226218441002
"WP_004064712.1",1364,0.480226218441002
"WP_004064712.1",1365,0.480226218441002
"WP_004064712.1",1366,0.435145558131898
"WP_004064712.1",1367,0.435145558131898
"WP_004064712.1",1368,0.435145558131898
"WP_004064712.1",1369,0.435145558131898
"WP_004064712.1",1370,0.435145558131898
"WP_004064712.1",1371,0.435145558131898
"WP_004064712.1",1372,0.191874695258975
"WP_004064712.1",1373,0.0966510329214653
"WP_004064712.1",1374,0.0966510329214653
"WP_004064712.1",1375,0.11203360829543
"WP_004064712.1",1376,0.11203360829543
"WP_004064712.1",1377,0.16595102203849
"WP_004064712.1",1378,0.211013395775864
"WP_004064712.1",1379,0.211013395775864
"WP_004064712.1",1380,0.211013395775864
"WP_004064712.1",1381,0.211013395775864
"WP_004064712.1",1382,0.211013395775864
"WP_004064712.1",1383,0.211013395775864
"WP_004064712.1",1384,0.09293629824282
"WP_004064712.1",1385,0.0774256790546315
"WP_004064712.1",1386,0.104338321181742
"WP_004064712.1",1387,0.1314503785688
"WP_004064712.1",1388,0.1314503785688
"WP_004064712.1",1389,0.1314503785688
"WP_004064712.1",1390,0.1314503785688
"WP_004064712.1",1391,0.1314503785688
"WP_004064712.1",1392,0.1314503785688
"WP_004064712.1",1393,0.105898901098901
"WP_004064712.1",1394,0.0951835302378781
"WP_004064712.1",1395,0.0984433723930503
"WP_004064712.1",1396,0.336068525023466
"WP_004064712.1",1397,0.336068525023466
"WP_004064712.1",1398,0.336068525023466
"WP_004064712.1",1399,0.336068525023466
"WP_004064712.1",1400,0.336068525023466
"WP_004064712.1",1401,0.336068525023466
"WP_004064712.1",1402,0.28699339800679
"WP_004064712.1",1403,0.31705103628825
"WP_004064712.1",1404,0.31705103628825
"WP_004064712.1",1405,0.31705103628825
"WP_004064712.1",1406,0.31705103628825
"WP_004064712.1",1407,0.31705103628825
"WP_004064712.1",1408,0.31705103628825
"WP_004064712.1",1409,0.275445409108712
"WP_004064712.1",1410,0.0873062085257737
"WP_004064712.1",1411,0.109628107947693
"WP_004064712.1",1412,0.253066480537209
"WP_004064712.1",1413,0.273903926924494
"WP_004064712.1",1414,0.283895676940571
"WP_004064712.1",1415,0.283895676940571
"WP_004064712.1",1416,0.283895676940571
"WP_004064712.1",1417,0.464154642386699
"WP_004064712.1",1418,0.509169856360892
"WP_004064712.1",1419,0.509169856360892
"WP_004064712.1",1420,0.509169856360892
"WP_004064712.1",1421,0.509169856360892
"WP_004064712.1",1422,0.509169856360892
"WP_004064712.1",1423,0.509169856360892
"WP_004064712.1",1424,0.443108850179995
"WP_004064712.1",1425,0.424946465237562
"WP_004064712.1",1426,0.412204540184149
"WP_004064712.1",1427,0.412204540184149
"WP_004064712.1",1428,0.38717941503538
"WP_004064712.1",1429,0.38717941503538
"WP_004064712.1",1430,0.38717941503538
"WP_004064712.1",1431,0.38717941503538
"WP_004064712.1",1432,0.243279052902719
"WP_004064712.1",1433,0.195246240561479
"WP_004064712.1",1434,0.153284028982713
"WP_004064712.1",1435,0.153284028982713
"WP_004064712.1",1436,0.153284028982713
"WP_004064712.1",1437,0.134142012665697
"WP_004064712.1",1438,0.219631961775796
"WP_004064712.1",1439,0.219631961775796
"WP_004064712.1",1440,0.241544096577997
"WP_004064712.1",1441,0.241544096577997
"WP_004064712.1",1442,0.241544096577997
"WP_004064712.1",1443,0.241544096577997
"WP_004064712.1",1444,0.241544096577997
"WP_004064712.1",1445,0.241544096577997
"WP_004064712.1",1446,0.167911480082719
"WP_004064712.1",1447,0.0809446504301914
"WP_004064712.1",1448,0.214173654224341
"WP_004064712.1",1449,0.319881074990272
"WP_004064712.1",1450,0.469798280804163
"WP_004064712.1",1451,0.620876624900154
"WP_004064712.1",1452,0.620876624900154
"WP_004064712.1",1453,0.620876624900154
"WP_004064712.1",1454,0.735449448577471
"WP_004064712.1",1455,0.751499814396722
"WP_004064712.1",1456,0.751499814396722
"WP_004064712.1",1457,0.751499814396722
"WP_004064712.1",1458,0.751499814396722
"WP_004064712.1",1459,0.751499814396722
"WP_004064712.1",1460,0.751499814396722
"WP_004064712.1",1461,0.569692981191863
"WP_004064712.1",1462,0.395560379235894
"WP_004064712.1",1463,0.395560379235894
"WP_004064712.1",1464,0.395560379235894
"WP_004064712.1",1465,0.13820527595326
"WP_004064712.1",1466,0.10333385767732
"WP_004064712.1",1467,0.261522747557362
"WP_004064712.1",1468,0.261522747557362
"WP_004064712.1",1469,0.261522747557362
"WP_004064712.1",1470,0.261522747557362
"WP_004064712.1",1471,0.261522747557362
"WP_004064712.1",1472,0.261522747557362
"WP_004064712.1",1473,0.219624427473112
"WP_004064712.1",1474,0.219624427473112
"WP_004064712.1",1475,0.219624427473112
"WP_004064712.1",1476,0.219624427473112
"WP_004064712.1",1477,0.206729007139832
"WP_004064712.1",1478,0.206729007139832
"WP_004064712.1",1479,0.206729007139832
"WP_004064712.1",1480,0.182287583034331
"WP_004064712.1",1481,0.182287583034331
"WP_004064712.1",1482,0.182287583034331
"WP_004064712.1",1483,0.182287583034331
"WP_004064712.1",1484,0.182287583034331
"WP_004064712.1",1485,0.182287583034331
"WP_004064712.1",1486,0.0809174994953494
"WP_004064712.1",1487,0.183699766249077
"WP_004064712.1",1488,0.197948282378256
"WP_004064712.1",1489,0.345288155256822
"WP_004064712.1",1490,0.535504043988356
"WP_004064712.1",1491,0.535504043988356
"WP_004064712.1",1492,0.535504043988356
"WP_004064712.1",1493,0.535504043988356
"WP_004064712.1",1494,0.535504043988356
"WP_004064712.1",1495,0.588560870214337
"WP_004064712.1",1496,0.588560870214337
"WP_004064712.1",1497,0.588560870214337
"WP_004064712.1",1498,0.588560870214337
"WP_004064712.1",1499,0.588560870214337
"WP_004064712.1",1500,0.588560870214337
"WP_004064712.1",1501,0.289156237816764
"WP_004064712.1",1502,0.253027907086034
"WP_004064712.1",1503,0.253027907086034
"WP_004064712.1",1504,0.253027907086034
"WP_004064712.1",1505,0.253027907086034
"WP_004064712.1",1506,0.253027907086034
"WP_004064712.1",1507,0.253027907086034
"WP_004064712.1",1508,0.0584143756827967
"WP_004930518.1",1,0.217558547008547
"WP_004930518.1",2,0.232692673992674
"WP_004930518.1",3,0.273936788416378
"WP_004930518.1",4,0.273936788416378
"WP_004930518.1",5,0.273936788416378
"WP_004930518.1",6,0.273936788416378
"WP_004930518.1",7,0.280159670516226
"WP_004930518.1",8,0.451687727666797
"WP_004930518.1",9,0.618136057978481
"WP_004930518.1",10,0.753129827024354
"WP_004930518.1",11,0.753129827024354
"WP_004930518.1",12,0.753129827024354
"WP_004930518.1",13,0.753129827024354
"WP_004930518.1",14,0.753129827024354
"WP_004930518.1",15,0.753129827024354
"WP_004930518.1",16,0.675877408277997
"WP_004930518.1",17,0.659751899414811
"WP_004930518.1",18,0.659751899414811
"WP_004930518.1",19,0.501516272314305
"WP_004930518.1",20,0.501516272314305
"WP_004930518.1",21,0.467253199208438
"WP_004930518.1",22,0.467253199208438
"WP_004930518.1",23,0.455214427333599
"WP_004930518.1",24,0.426044711428671
"WP_004930518.1",25,0.192672018662485
"WP_004930518.1",26,0.144987639243528
"WP_004930518.1",27,0.0702670634920635
"WP_004930518.1",28,0.0702670634920635
"WP_004930518.1",29,0.0702670634920635
"WP_004930518.1",30,0.0702670634920635
"WP_004930518.1",31,0.0702670634920635
"WP_004930518.1",32,0.0676818363433888
"WP_004930518.1",33,0.0706235318272682
"WP_004930518.1",34,0.0706235318272682
"WP_004930518.1",35,0.0706235318272682
"WP_004930518.1",36,0.0706235318272682
"WP_004930518.1",37,0.0706235318272682
"WP_004930518.1",38,0.0706235318272682
"WP_004930518.1",39,0.0694130306288709
"WP_004930518.1",40,0.0446738551819079
"WP_004930518.1",41,0.0446738551819079
"WP_004930518.1",42,0.10063124675192
"WP_004930518.1",43,0.378204664334854
"WP_004930518.1",44,0.490565097814957
"WP_004930518.1",45,0.490565097814957
"WP_004930518.1",46,0.490565097814957
"WP_004930518.1",47,0.490565097814957
"WP_004930518.1",48,0.490565097814957
"WP_004930518.1",49,0.490565097814957
"WP_004930518.1",50,0.451057966002081
"WP_004930518.1",51,0.451057966002081
"WP_004930518.1",52,0.451057966002081
"WP_004930518.1",53,0.0700009283466597
"WP_004930518.1",54,0.0569532064786824
"WP_004930518.1",55,0.0569532064786824
"WP_004930518.1",56,0.0978749894233805
"WP_004930518.1",57,0.0978749894233805
"WP_004930518.1",58,0.233767318031484
"WP_004930518.1",59,0.233767318031484
"WP_004930518.1",60,0.350412906500258
"WP_004930518.1",61,0.467530560308174
"WP_004930518.1",62,0.487322311476656
"WP_004930518.1",63,0.487322311476656
"WP_004930518.1",64,0.487322311476656
"WP_004930518.1",65,0.487322311476656
"WP_004930518.1",66,0.487322311476656
"WP_004930518.1",67,0.487322311476656
"WP_004930518.1",68,0.320356061855291
"WP_004930518.1",69,0.298001906533489
"WP_004930518.1",70,0.388712066467379
"WP_004930518.1",71,0.388712066467379
"WP_004930518.1",72,0.388712066467379
"WP_004930518.1",73,0.388712066467379
"WP_004930518.1",74,0.388712066467379
"WP_004930518.1",75,0.388712066467379
"WP_004930518.1",76,0.301351472664165
"WP_004930518.1",77,0.272409030348736
"WP_004930518.1",78,0.198498308978603
"WP_004930518.1",79,0.144132224189699
"WP_004930518.1",80,0.144132224189699
"WP_004930518.1",81,0.144132224189699
"WP_004930518.1",82,0.144132224189699
"WP_004930518.1",83,0.0832653434233055
"WP_004930518.1",84,0.0511361747919898
"WP_004930518.1",85,0.0671742146451435
"WP_004930518.1",86,0.10063124675192
"WP_004930518.1",87,0.11655339364782
"WP_004930518.1",88,0.11655339364782
"WP_004930518.1",89,0.11655339364782
"WP_004930518.1",90,0.11655339364782
"WP_004930518.1",91,0.11655339364782
"WP_004930518.1",92,0.117581393809127
"WP_004930518.1",93,0.117581393809127
"WP_004930518.1",94,0.117581393809127
"WP_004930518.1",95,0.117581393809127
"WP_004930518.1",96,0.117581393809127
"WP_004930518.1",97,0.117581393809127
"WP_004930518.1",98,0.0810556126347144
"WP_004930518.1",99,0.11655339364782
"WP_004930518.1",100,0.11655339364782
"WP_004930518.1",101,0.11655339364782
"WP_004930518.1",102,0.11655339364782
"WP_004930518.1",103,0.11655339364782
"WP_004930518.1",104,0.11655339364782
"WP_004930518.1",105,0.163639935573112
"WP_004930518.1",106,0.163639935573112
"WP_004930518.1",107,0.163639935573112
"WP_004930518.1",108,0.163639935573112
"WP_004930518.1",109,0.240264402857205
"WP_004930518.1",110,0.265836438086107
"WP_004930518.1",111,0.265836438086107
"WP_004930518.1",112,0.265836438086107
"WP_004930518.1",113,0.265836438086107
"WP_004930518.1",114,0.265836438086107
"WP_004930518.1",115,0.265836438086107
"WP_004930518.1",116,0.378227009833813
"WP_004930518.1",117,0.384311531462719
"WP_004930518.1",118,0.384311531462719
"WP_004930518.1",119,0.384311531462719
"WP_004930518.1",120,0.384311531462719
"WP_004930518.1",121,0.384311531462719
"WP_004930518.1",122,0.384311531462719
"WP_004930518.1",123,0.167744238808116
"WP_004930518.1",124,0.167744238808116
"WP_004930518.1",125,0.0802384920634921
"WP_004930518.1",126,0.0899057665643331
"WP_004930518.1",127,0.0913193307778973
"WP_004930518.1",128,0.0966510329214653
"WP_004930518.1",129,0.0966510329214653
"WP_004930518.1",130,0.0966510329214653
"WP_004930518.1",131,0.0966510329214653
"WP_004930518.1",132,0.0966510329214653
"WP_004930518.1",133,0.0966510329214653
"WP_004930518.1",134,0.108618836718837
"WP_004930518.1",135,0.235849957885252
"WP_004930518.1",136,0.235849957885252
"WP_004930518.1",137,0.3616270058373
"WP_004930518.1",138,0.63489695671448
"WP_004930518.1",139,0.63489695671448
"WP_004930518.1",140,0.63489695671448
"WP_004930518.1",141,0.63489695671448
"WP_004930518.1",142,0.636612179779747
"WP_004930518.1",143,0.636612179779747
"WP_004930518.1",144,0.636612179779747
"WP_004930518.1",145,0.636612179779747
"WP_004930518.1",146,0.636612179779747
"WP_004930518.1",147,0.636612179779747
"WP_004930518.1",148,0.636612179779747
"WP_004930518.1",149,0.636612179779747
"WP_004930518.1",150,0.636612179779747
"WP_004930518.1",151,0.636612179779747
"WP_004930518.1",152,0.636612179779747
"WP_004930518.1",153,0.410815355585589
"WP_004930518.1",154,0.307876815148027
"WP_004930518.1",155,0.307876815148027
"WP_004930518.1",156,0.307876815148027
"WP_004930518.1",157,0.307876815148027
"WP_004930518.1",158,0.301351472664165
"WP_004930518.1",159,0.281899436364883
"WP_004930518.1",160,0.467714492277504
"WP_004930518.1",161,0.508338677931297
"WP_004930518.1",162,0.508338677931297
"WP_004930518.1",163,0.508338677931297
"WP_004930518.1",164,0.508338677931297
"WP_004930518.1",165,0.508338677931297
"WP_004930518.1",166,0.508338677931297
"WP_004930518.1",167,0.403572825234259
"WP_004930518.1",168,0.195246240561479
"WP_004930518.1",169,0.23326081460233
"WP_004930518.1",170,0.295583442678623
"WP_004930518.1",171,0.347011354050857
"WP_004930518.1",172,0.5808372256246
"WP_004930518.1",173,0.5808372256246
"WP_004930518.1",174,0.5808372256246
"WP_004930518.1",175,0.5808372256246
"WP_004930518.1",176,0.5808372256246
"WP_004930518.1",177,0.5808372256246
"WP_004930518.1",178,0.293211594704932
"WP_004930518.1",179,0.677829972988752
"WP_004930518.1",180,0.677829972988752
"WP_004930518.1",181,0.677829972988752
"WP_004930518.1",182,0.677829972988752
"WP_004930518.1",183,0.677829972988752
"WP_004930518.1",184,0.677829972988752
"WP_004930518.1",185,0.645688391881354
"WP_004930518.1",186,0.411725169764876
"WP_004930518.1",187,0.256280719770426
"WP_004930518.1",188,0.113679505018859
"WP_004930518.1",189,0.0706235318272682
"WP_004930518.1",190,0.0706235318272682
"WP_004930518.1",191,0.0706235318272682
"WP_004930518.1",192,0.0706235318272682
"WP_004930518.1",193,0.0706235318272682
"WP_004930518.1",194,0.0694130306288709
"WP_004930518.1",195,0.0300350899923026
"WP_008197585.1",1,0.0283396825396825
"WP_008197585.1",2,0.0463178485999445
"WP_008197585.1",3,0.0933334380574303
"WP_008197585.1",4,0.0933334380574303
"WP_008197585.1",5,0.272976894696673
"WP_008197585.1",6,0.381678398832999
"WP_008197585.1",7,0.784244431485202
"WP_008197585.1",8,0.784244431485202
"WP_008197585.1",9,0.784244431485202
"WP_008197585.1",10,0.784244431485202
"WP_008197585.1",11,0.784244431485202
"WP_008197585.1",12,0.784244431485202
"WP_008197585.1",13,0.751590711327639
"WP_008197585.1",14,0.601963209344912
"WP_008197585.1",15,0.601963209344912
"WP_008197585.1",16,0.601963209344912
"WP_008197585.1",17,0.601963209344912
"WP_008197585.1",18,0.601963209344912
"WP_008197585.1",19,0.539891741751832
"WP_008197585.1",20,0.527722530481547
"WP_008197585.1",21,0.527722530481547
"WP_008197585.1",22,0.527722530481547
"WP_008197585.1",23,0.34971664667567
"WP_008197585.1",24,0.366046062743088
"WP_008197585.1",25,0.40547202506579
"WP_008197585.1",26,0.40547202506579
"WP_008197585.1",27,0.580848355697502
"WP_008197585.1",28,0.580848355697502
"WP_008197585.1",29,0.580848355697502
"WP_008197585.1",30,0.580848355697502
"WP_008197585.1",31,0.580848355697502
"WP_008197585.1",32,0.580848355697502
"WP_008197585.1",33,0.419011965597281
"WP_008197585.1",34,0.366287542797858
"WP_008197585.1",35,0.239816312133572
"WP_008197585.1",36,0.214250505196878
"WP_008197585.1",37,0.182682790849372
"WP_008197585.1",38,0.200928263894719
"WP_008197585.1",39,0.254931361000106
"WP_008197585.1",40,0.254931361000106
"WP_008197585.1",41,0.254931361000106
"WP_008197585.1",42,0.254931361000106
"WP_008197585.1",43,0.254931361000106
"WP_008197585.1",44,0.254931361000106
"WP_008197585.1",45,0.254931361000106
"WP_008197585.1",46,0.172699820394747
"WP_008197585.1",47,0.1487495531873
"WP_008197585.1",48,0.1487495531873
"WP_008197585.1",49,0.0852054649704512
"WP_008197585.1",50,0.0852054649704512
"WP_008197585.1",51,0.0852054649704512
"WP_008197585.1",52,0.0852054649704512
"WP_008197585.1",53,0.0852054649704512
"WP_008197585.1",54,0.035074031231926
"WP_008197585.1",55,0.035074031231926
"WP_008197585.1",56,0.035074031231926
"WP_008197585.1",57,0.0691937384903127
"WP_008197585.1",58,0.0783210914323109
"WP_008197585.1",59,0.179139375536744
"WP_008197585.1",60,0.30763011656802
"WP_008197585.1",61,0.31705103628825
"WP_008197585.1",62,0.31705103628825
"WP_008197585.1",63,0.31705103628825
"WP_008197585.1",64,0.31705103628825
"WP_008197585.1",65,0.31705103628825
"WP_008197585.1",66,0.378204664334854
"WP_008197585.1",67,0.573143334671177
"WP_008197585.1",68,0.573143334671177
"WP_008197585.1",69,0.708469959340688
"WP_008197585.1",70,0.708469959340688
"WP_008197585.1",71,0.708469959340688
"WP_008197585.1",72,0.708469959340688
"WP_008197585.1",73,0.708469959340688
"WP_008197585.1",74,0.708469959340688
"WP_008197585.1",75,0.533346827772816
"WP_008197585.1",76,0.418537504374424
"WP_008197585.1",77,0.418537504374424
"WP_008197585.1",78,0.246419527204821
"WP_008197585.1",79,0.326759795759796
"WP_008197585.1",80,0.326759795759796
"WP_008197585.1",81,0.326759795759796
"WP_008197585.1",82,0.326759795759796
"WP_008197585.1",83,0.326759795759796
"WP_008197585.1",84,0.326759795759796
"WP_008197585.1",85,0.299240848040848
"WP_008197585.1",86,0.345681380872263
"WP_008197585.1",87,0.345681380872263
"WP_008197585.1",88,0.345681380872263
"WP_008197585.1",89,0.345681380872263
"WP_008197585.1",90,0.345681380872263
"WP_008197585.1",91,0.345681380872263
"WP_008197585.1",92,0.573488982191763
"WP_008197585.1",93,0.588337987299081
"WP_008197585.1",94,0.588337987299081
"WP_008197585.1",95,0.588337987299081
"WP_008197585.1",96,0.588337987299081
"WP_008197585.1",97,0.588337987299081
"WP_008197585.1",98,0.588337987299081
"WP_008197585.1",99,0.537338460823419
"WP_008197585.1",100,0.532095444992151
"WP_008197585.1",101,0.364835720042383
"WP_008197585.1",102,0.364835720042383
"WP_008197585.1",103,0.364835720042383
"WP_008197585.1",104,0.364835720042383
"WP_008197585.1",105,0.364835720042383
"WP_008197585.1",106,0.364835720042383
"WP_008197585.1",107,0.332585810101807
"WP_008197585.1",108,0.332585810101807
"WP_008197585.1",109,0.332585810101807
"WP_008197585.1",110,0.654509734866395
"WP_008197585.1",111,0.705441586613178
"WP_008197585.1",112,0.705441586613178
"WP_008197585.1",113,0.705441586613178
"WP_008197585.1",114,0.705441586613178
"WP_008197585.1",115,0.705441586613178
"WP_008197585.1",116,0.705441586613178
"WP_008197585.1",117,0.658757395068517
"WP_008197585.1",118,0.695286134290198
"WP_008197585.1",119,0.695286134290198
"WP_008197585.1",120,0.695286134290198
"WP_008197585.1",121,0.695286134290198
"WP_008197585.1",122,0.695286134290198
"WP_008197585.1",123,0.695286134290198
"WP_008197585.1",124,0.395698813931167
"WP_008197585.1",125,0.265858899923606
"WP_008197585.1",126,0.0796958676914042
"WP_008197585.1",127,0.0796958676914042
"WP_008197585.1",128,0.0796958676914042
"WP_008197585.1",129,0.0796958676914042
"WP_008197585.1",130,0.0796958676914042
"WP_008197585.1",131,0.0796958676914042
"WP_008197585.1",132,0.0155430087345735
"WP_008197585.1",133,0.0144814079636211
"WP_008197585.1",134,0.0289968781218781
"WP_008197585.1",135,0.089770825567171
"WP_008197585.1",136,0.089770825567171
"WP_008197585.1",137,0.089770825567171
"WP_008197585.1",138,0.089770825567171
"WP_008197585.1",139,0.089770825567171
"WP_008197585.1",140,0.089770825567171
"WP_008197585.1",141,0.165096847596848
"WP_008197585.1",142,0.299288489884654
"WP_008197585.1",143,0.39369161230926
"WP_008197585.1",144,0.39369161230926
"WP_008197585.1",145,0.39369161230926
"WP_008197585.1",146,0.39369161230926
"WP_008197585.1",147,0.39369161230926
"WP_008197585.1",148,0.39369161230926
